support,itemsets
0.10936180779736777,WHITE HANGING HEART T-LIGHT HOLDER
0.022696796622796125,KNITTED UNION FLAG HOT WATER BOTTLE
0.02095852992301962,RED WOOLLY HOTTIE WHITE HEART.
0.018624286069034022,SET 7 BABUSHKA NESTING BOXES
0.023789421405512788,HAND WARMER UNION JACK
0.07107027563943383,ASSORTED COLOUR BIRD ORNAMENT
0.037943878817978643,HOME BUILDING BLOCK WORD
0.030742488204618824,LOVE BUILDING BLOCK WORD
0.0285572386391855,DOORMAT NEW ENGLAND
0.021653836602930222,FELTCRAFT PRINCESS CHARLOTTE DOLL
0.02110752421157189,POPPY'S PLAYHOUSE KITCHEN
0.0205115470573628,POPPY'S PLAYHOUSE BEDROOM
0.05408492674447479,JAM MAKING SET WITH JARS
0.051005711447727836,ALARM CLOCK BAKELIKE RED
0.04802582567668239,ALARM CLOCK BAKELIKE GREEN
0.04390365036006953,SPACEBOY LUNCH BOX
0.04166873603178545,RED TOADSTOOL LED NIGHT LIGHT
0.03769555500372486,ALARM CLOCK BAKELIKE PINK
0.03590762354109759,ROUND SNACK BOXES SET OF4 WOODLAND
0.0349639930469332,LUNCH BOX I LOVE LONDON
0.029550533896200645,VINTAGE HEADS AND TAILS CARD GAME
0.02642165383660293,SET 2 TEA TOWELS I LOVE LONDON
0.020461882294512044,CHARLOTTE BAG DOLLY GIRL DESIGN
0.019269927986093865,SET/2 RED RETROSPOT TEA TOWELS
0.01922026322324311,CIRCUS PARADE LUNCH BOX
0.018226967966227962,MINI PAINT SET VINTAGE
0.05676682393841569,PAPER CHAIN KIT 50'S CHRISTMAS
0.054233921033027065,WOODEN PICTURE FRAME WHITE FINISH
0.047578842811025576,WOODEN FRAME ANTIQUE WHITE
0.026769307176558232,WOOD 2 DRAWER CABINET WHITE FINISH
0.019716910851750685,WOOD S/3 CABINET ANT WHITE FINISH
0.01728333747206357,SAVE THE PLANET MUG
0.015495406009436306,EDWARDIAN PARASOL RED
0.03580829401539608,RED HANGING HEART T-LIGHT HOLDER
0.03143779488452943,HOT WATER BOTTLE TEA AND SYMPATHY
0.07653339955301713,LUNCH BAG RED RETROSPOT
0.0635212316861187,PACK OF 72 RETROSPOT CAKE CASES
0.060144027812267194,JUMBO BAG PINK POLKADOT
0.0585050906381922,JUMBO STORAGE BAG SUKI
0.045939905636950586,JUMBO  BAG BAROQUE BLACK WHITE
0.042413707474546807,JUMBO BAG PINK VINTAGE PAISLEY
0.041768065557486966,PACK OF 60 PINK PAISLEY CAKE CASES
0.039632480754904394,60 TEATIME FAIRY CAKE CASES
0.03555997020114229,STRAWBERRY CHARLOTTE BAG
0.028855227216290042,PACK OF 60 DINOSAUR CAKE CASES
0.028259250062080955,STRAWBERRY LUNCH BOX WITH CUTLERY
0.02567668239384157,SET/6 RED SPOTTY PAPER PLATES
0.023888750931214304,LUNCH BOX WITH CUTLERY RETROSPOT
0.055425875341445247,JAM MAKING SET PRINTED
0.057909113483983116,JUMBO SHOPPER VINTAGE RED PAISLEY
0.04653588279115967,RETROSPOT TEA SET CERAMIC 11 PC
0.03695058356096349,GIN + TONIC DIET METAL SIGN
0.034765333995530175,COOK WITH WINE METAL SIGN
0.02984852247330519,PAPER CHAIN KIT RETROSPOT
0.025875341445244598,EDWARDIAN PARASOL NATURAL
0.023541097591259,DOORMAT FANCY FONT HOME SWEET HOME
0.021753166128631735,YOU'RE CONFUSING ME METAL SIGN
0.02145517755152719,CLEAR DRAWER KNOB ACRYLIC EDWARDIAN
0.020362552768810528,SKULL SHOULDER BAG
0.01976657561460144,WHITE SPOT RED CERAMIC DRAWER KNOB
0.019468587037496897,CERAMIC STRAWBERRY CAKE MONEY BANK
0.018326297491929475,EDWARDIAN PARASOL BLACK
0.016290042215048425,RETROSPOT LARGE MILK JUG
0.015694065060839334,PIGGY BANK RETROSPOT
0.03690091879811274,RECYCLING BAG RETROSPOT
0.02314377948845294,TOY TIDY PINK POLKADOT
0.01882294512043705,VINTAGE SNAKES & LADDERS
0.061186987832133104,NATURAL SLATE HEART CHALKBOARD
0.058654084926744475,HEART OF WICKER SMALL
0.04559225229699528,HEART OF WICKER LARGE
0.03317606158430594,WOOD BLACK BOARD ANT WHITE FINISH
0.030096846287558977,COLOUR GLASS T-LIGHT HOLDER HANGING
0.025627017630990814,CREAM HEART CARD HOLDER
0.02438539855972188,ENAMEL FLOWER JUG CREAM
0.021753166128631735,ENAMEL BREAD BIN CREAM
0.0171343431835113,HANGING METAL HEART LANTERN
0.03332505587285821,LUNCH BAG DOLLY GIRL DESIGN
0.022150484231437794,JUMBO BAG DOLLY GIRL DESIGN
0.017730320337720387,TRADITIONAL CHRISTMAS RIBBONS
0.10250807052396325,JUMBO BAG RED RETROSPOT
0.03258008443009685,CHILLI LIGHTS
0.03118947107027564,HOMEMADE JAM SCENTED CANDLES
0.0231934442513037,SMALL HEART MEASURING SPOONS
0.021951825180034766,RED DINER WALL CLOCK
0.01996523466600447,IVORY DINER WALL CLOCK
0.01827663272907872,LARGE HEART MEASURING SPOONS
0.01792897938912342,RED RETROSPOT UMBRELLA
0.017184007946362056,BLUE DINER WALL CLOCK
0.01519741743233176,CHRISTMAS LIGHTS 10 REINDEER
0.04787683138813012,SET/20 RED RETROSPOT PAPER NAPKINS
0.04027812267196424,PAPER CHAIN KIT VINTAGE CHRISTMAS
0.03024584057611125,RETROSPOT HEART HOT WATER BOTTLE
0.029153215793394586,HANGING HEART ZINC T-LIGHT HOLDER
0.028656568164887014,SMALL POPCORN HOLDER
0.020859200397318103,SET/6 RED SPOTTY PAPER CUPS
0.018226967966227962,ENGLISH ROSE HOT WATER BOTTLE
0.01653836602930221,JAM JAR WITH PINK LID
0.015892724112242365,DELUXE SEWING KIT
0.015843059349391606,PHOTO CUBE
0.028507573876334742,WOODEN BOX OF DOMINOES
0.022696796622796125,3 STRIPEY MICE FELTCRAFT
0.02264713185994537,PICNIC BASKET WICKER SMALL
0.021951825180034766,SET OF 6 SOLDIER SKITTLES
0.020759870871616588,TRADITIONAL WOODEN SKIPPING ROPE
0.037248572138068044,CLOTHES PEGS RETROSPOT PACK 24
0.03357337968711199,HAND OVER THE CHOCOLATE   SIGN
0.032232431090141546,HAND WARMER OWL DESIGN
0.02701763099081202,HAND WARMER SCOTTY DOG DESIGN
0.02239880804569158,TRAVEL SEWING KIT
0.01842562701763099,HAND WARMER RED RETROSPOT
0.015892724112242365,"FANCY FONT BIRTHDAY CARD,"
0.027861931959274895,ALARM CLOCK BAKELIKE IVORY
0.02741494909361808,HAND WARMER BIRD DESIGN
0.02662031288800596,SMALL GLASS HEART TRINKET POT
0.021604171840079463,ALARM CLOCK BAKELIKE ORANGE
0.01976657561460144,CHICK GREY HOT WATER BOTTLE
0.041519741743233175,CHOCOLATE HOT WATER BOTTLE
0.03769555500372486,SCOTTIE DOG HOT WATER BOTTLE
0.034616339706977896,STRAWBERRY CERAMIC TRINKET BOX
0.03188477775018624,HOT WATER BOTTLE I AM SO POORLY
0.02448472808542339,WHITE SKULL HOT WATER BOTTLE
0.01768065557486963,DOORMAT FAIRY CAKE
0.056965482989818725,LUNCH BAG SPACEBOY DESIGN
0.053290290538862674,LUNCH BAG PINK POLKADOT
0.049863421902160414,LUNCH BAG WOODLAND
0.03332505587285821,GUMBALL COAT RACK
0.032927737770052146,BATHROOM METAL SIGN
0.02393841569406506,PHOTO FRAME CORNICE
0.02339210330270673,LADIES & GENTLEMEN METAL SIGN
0.022100819468587038,SCANDINAVIAN REDS RIBBONS
0.019865905140302956,TOILET METAL SIGN
0.019816240377452197,METAL SIGN TAKE IT OR LEAVE IT
0.019021604171840078,CANDLEHOLDER PINK HANGING HEART
0.018475291780481747,ASSORTED COLOUR MINI CASES
0.01787931462627266,I'M ON HOLIDAY METAL SIGN
0.017382666997765087,PICTURE DOMINOES
0.01708467842066054,BALLOONS  WRITING SET
0.016935684132108268,SET 20 NAPKINS FAIRY CAKES DESIGN
0.01668736031785448,SET/10 PINK POLKADOT PARTY CANDLES
0.015098087906630246,KITCHEN METAL SIGN
0.06257760119195431,LUNCH BAG  BLACK SKULL.
0.056220511547057365,LUNCH BAG CARS BLUE
0.03337472063570896,SET OF 3 BUTTERFLY COOKIE CUTTERS
0.03327539111000745,SET OF 3 HEART COOKIE CUTTERS
0.03238142537869382,PACK OF 72 SKULL CAKE CASES
0.029401539607648373,72 SWEETHEART FAIRY CAKE CASES
0.024981375713930967,PACK OF 60 SPACEBOY CAKE CASES
0.018673950831884778,HEART IVORY TRELLIS SMALL
0.018475291780481747,3 PIECE SPACEBOY COOKIE CUTTER SET
0.015495406009436306,HEART IVORY TRELLIS LARGE
0.015247082195182518,CHOCOLATE BOX RIBBONS
0.04256270176309908,SET/5 RED RETROSPOT LID GLASS BOWLS
0.05075738763347405,VICTORIAN GLASS HANGING T-LIGHT
0.033871368264216536,DOORMAT RED RETROSPOT
0.03178544822448473,RED  HARMONICA IN BOX
0.029004221504842314,BLUE HARMONICA IN BOX
0.02870623292773777,DOORMAT HEARTS
0.027514278619319592,PLASTERS IN TIN SKULLS
0.02696796622796126,LOVEBIRD HANGING DECORATION WHITE
0.025180034765333995,SET OF 20 KIDS COOKIE CUTTERS
0.024832381425378695,SINGLE HEART ZINC T-LIGHT HOLDER
0.02304444996275143,4 TRADITIONAL SPINNING TOPS
0.022001489942885522,SET OF 72 RETROSPOT PAPER  DOILIES
0.02185249565433325,ROTATING SILVER ANGELS T-LIGHT HLDR
0.020312888005959772,NATURAL SLATE RECTANGLE CHALKBOARD
0.01936925751179538,AIRLINE BAG VINTAGE TOKYO 78
0.015495406009436306,10 COLOUR SPACEBOY PEN
0.04047678172336727,JUMBO BAG STRAWBERRY
0.032232431090141546,JUMBO BAG OWLS
0.022895455674199157,FELTCRAFT CUSHION OWL
0.020213558480258256,STRAWBERRY SHOPPER BAG
0.01668736031785448,AGED GLASS SILVER T-LIGHT HOLDER
0.04678420660541346,6 RIBBONS RUSTIC CHARM
0.043208343680158925,REX CASH+CARRY JUMBO SHOPPER
0.04122175316612863,DOLLY GIRL LUNCH BOX
0.0285572386391855,ROUND SNACK BOXES SET OF 4 FRUITS
0.0265706481251552,CHRISTMAS CRAFT LITTLE FRIENDS
0.022001489942885522,CHRISTMAS CRAFT TREE TOP ANGEL
0.020759870871616588,SOLDIERS EGG CUP
0.02056121182021356,SET OF 3 NOTEBOOKS IN PARCEL
0.018773280357586294,FELTCRAFT CUSHION RABBIT
0.01842562701763099,RED RETROSPOT MINI CASES
0.016786689843555996,FELTCRAFT CUSHION BUTTERFLY
0.016041718400794637,FELTCRAFT DOLL MOLLY
0.015545070772287062,FELTCRAFT CHRISTMAS FAIRY
0.04375465607151726,VINTAGE SNAP CARDS
0.03436801589272411,PLASTERS IN TIN WOODLAND ANIMALS
0.033027067295753665,PLASTERS IN TIN SPACEBOY
0.029798857710454433,60 CAKE CASES VINTAGE CHRISTMAS
0.029302210081946858,SET OF 20 VINTAGE CHRISTMAS NAPKINS
0.027613608145021108,PLASTERS IN TIN VINTAGE PAISLEY
0.02681897193940899,CHILDRENS APRON SPACEBOY DESIGN
0.02662031288800596,FELTCRAFT 6 FLOWER FRIENDS
0.025378693816737026,PACK OF 12 LONDON TISSUES
0.02339210330270673,FELTCRAFT BUTTERFLY HEARTS
0.02071020610876583,60 CAKE CASES DOLLY GIRL DESIGN
0.01996523466600447,FELTCRAFT PRINCESS LOLA DOLL
0.019865905140302956,WICKER STAR
0.019269927986093865,PACK OF 60 MUSHROOM CAKE CASES
0.018177303203377203,HAND WARMER BABUSHKA DESIGN
0.01768065557486963,SET 12 RETRO WHITE CHALK STICKS
0.01539607648373479,RIBBON REEL CHRISTMAS SOCK BAUBLE
0.015098087906630246,CHILDREN'S APRON DOLLY GIRL
0.015296746958033276,ROTATING LEAVES T-LIGHT HOLDER
0.027265954805065804,GREY HEART HOT WATER BOTTLE
0.01996523466600447,TRADITIONAL WOODEN CATCH CUP GAME
0.02398808045691582,FAWN BLUE HOT WATER BOTTLE
0.019319592748944625,PACK OF 6 BIRDY GIFT TAGS
0.0174819965234666,CERAMIC HEART FAIRY CAKE MONEY BANK
0.022051154705736282,RED RETROSPOT OVEN GLOVE
0.025974670970946113,ZINC METAL HEART DECORATION
0.018574621306183262,CHRISTMAS CRAFT WHITE FAIRY
0.017382666997765087,RETROSPOT CHILDRENS APRON
0.01619071268934691,COLOURING PENCILS BROWN TUBE
0.018475291780481747,SET/10 RED POLKADOT PARTY CANDLES
0.01787931462627266,WASHROOM METAL SIGN
0.025925006208095357,WOODEN HEART CHRISTMAS SCANDINAVIAN
0.021554507077228707,VINTAGE PAISLEY STATIONERY SET
0.02090886516016886,PACK OF 12 HEARTS DESIGN TISSUES
0.02011422895455674,RIBBON REEL STRIPES DESIGN
0.015644400297988578,RETROSPOT PARTY BAG + STICKER SET
0.09456170846784206,REGENCY CAKESTAND 3 TIER
0.018574621306183262,BLACK RECORD COVER FRAME
0.01787931462627266,"RECORD FRAME 7"" SINGLE SIZE"
0.01579339458654085,36 PENCILS TUBE RED RETROSPOT
0.023441768065557488,VINTAGE UNION JACK BUNTING
0.016041718400794637,PAPER BUNTING WHITE LACE
0.02170350136578098,CARD BILLBOARD FONT
0.015247082195182518,CARD DOLLY GIRL
0.0171343431835113,ANTIQUE SILVER TEA GLASS ENGRAVED
0.034914328284082446,JUMBO STORAGE BAG SKULLS
0.021653836602930222,PICNIC BASKET WICKER LARGE
0.015992053637943877,PLACE SETTING WHITE HEART
0.031984107275887755,PACK OF 20 NAPKINS PANTRY DESIGN
0.030146511050409733,PINK CREAM FELT CRAFT TRINKET BOX
0.01827663272907872,SWEETHEART CAKESTAND 3 TIER
0.050310404767817236,ROSES REGENCY TEACUP AND SAUCER
0.048423143779488455,GREEN REGENCY TEACUP AND SAUCER
0.018226967966227962,ENAMEL MEASURING JUG CREAM
0.01753166128631736,12 PENCIL SMALL TUBE WOODLAND
0.01753166128631736,12 PENCILS SMALL TUBE SKULL
0.03347405016141048,IVORY KITCHEN SCALES
0.026123665259498385,RED KITCHEN SCALES
0.024236404271169604,METAL 4 HOOK HANGER FRENCH CHATEAU
0.042413707474546807,JUMBO BAG WOODLAND ANIMALS
0.016786689843555996,MULTI COLOUR SILVER T-LIGHT HOLDER
0.01728333747206357,WOODEN ROUNDERS GARDEN SET
0.02071020610876583,WHITE WOOD GARDEN PLANT LADDER
0.01668736031785448,MINT KITCHEN SCALES
0.01633970697789918,RED RETROSPOT WRAP
0.05388626769307177,RECIPE BOX PANTRY YELLOW DESIGN
0.03233176061584306,GINGERBREAD MAN COOKIE CUTTER
0.028606903402036254,BOX OF 24 COCKTAIL PARASOLS
0.027315619567916564,PLASTERS IN TIN CIRCUS PARADE
0.024782716662527935,PLASTERS IN TIN STRONGMAN
0.024435063322572635,NO SINGING METAL SIGN
0.022349143282840826,RECIPE BOX RETROSPOT
0.021355848025825675,PACK OF 12 TRADITIONAL CRAYONS
0.0205115470573628,WOODEN SCHOOL COLOURING SET
0.017581326049168115,PACK OF 12 SUKI TISSUES
0.017333002234914328,RECIPE BOX BLUE SKETCHBOOK DESIGN
0.02602433573379687,RED RETROSPOT CAKE STAND
0.02299478519990067,DOORMAT SPOTTY HOME SWEET HOME
0.016886019369257512,T-LIGHT GLASS FLUTED ANTIQUE
0.030543829153215792,DOORMAT UNION FLAG
0.019816240377452197,DOORMAT ENGLISH ROSE
0.018574621306183262,3 HOOK PHOTO SHELF ANTIQUE WHITE
0.025974670970946113,JUMBO BAG TOYS
0.051055376210578596,RED RETROSPOT CHARLOTTE BAG
0.04345666749441272,CHARLOTTE BAG SUKI DESIGN
0.04107275887757636,WOODLAND CHARLOTTE BAG
0.039086168363546066,PAPER BUNTING RETROSPOT
0.03665259498385895,CHARLOTTE BAG PINK POLKADOT
0.03516265209833623,DOTCOM POSTAGE
0.02999751676185746,HOT BATHS METAL SIGN
0.026520983362304445,POTTERING IN THE SHED METAL SIGN
0.026173330022349145,SUKI  SHOULDER BAG
0.02567668239384157,PINK BLUE FELT CRAFT TRINKET BOX
0.025031040476781723,SWEETHEART CERAMIC TRINKET BOX
0.024931710951080207,SET OF 72 PINK HEART PAPER DOILIES
0.02393841569406506,PINK FAIRY CAKE CHILDRENS APRON
0.022001489942885522,RED RETROSPOT BOWL
0.021951825180034766,BEWARE OF THE CAT METAL SIGN
0.020859200397318103,FLORAL FOLK STATIONERY SET
0.020809535634467344,"SET 3 RETROSPOT TEA,COFFEE,SUGAR"
0.020610876583064316,SET OF 6 RIBBONS VINTAGE CHRISTMAS
0.020412217531661288,VINTAGE CREAM DOG FOOD CONTAINER
0.019319592748944625,RED SPOTTY BISCUIT TIN
0.019071268934690837,RED RETROSPOT CUP
0.018971939408989322,TRADITIONAL MODELLING CLAY
0.017978644151974175,BINGO SET
0.017978644151974175,MODERN FLORAL STATIONERY SET
0.01787931462627266,12 PENCILS SMALL TUBE RED RETROSPOT
0.017581326049168115,FAMILY ALBUM WHITE PICTURE FRAME
0.017382666997765087,LAUNDRY 15C METAL SIGN
0.017382666997765087,BREAD BIN DINER STYLE IVORY
0.017333002234914328,TEA BAG PLATE RED RETROSPOT
0.017233672709212812,ROBOT BIRTHDAY CARD
0.016786689843555996,RED RETROSPOT ROUND CAKE TINS
0.01673702508070524,ENGLISH ROSE NOTEBOOK A7 SIZE
0.016637695555003724,HEART DECORATION RUSTIC HANGING
0.01658803079215297,HANGING JAM JAR T-LIGHT HOLDER
0.015694065060839334,IVORY HANGING DECORATION  HEART
0.015495406009436306,VINTAGE CREAM CAT FOOD CONTAINER
0.015445741246585548,TEA TIME OVEN GLOVE
0.01539607648373479,CHARLIE+LOLA PINK HOT WATER BOTTLE
0.01976657561460144,FOUR HOOK  WHITE LOVEBIRDS
0.01827663272907872,BLUE SPOT CERAMIC DRAWER KNOB
0.017233672709212812,SWEETHEART RECIPE BOOK STAND
0.04107275887757636,PLEASE ONE PERSON METAL SIGN
0.02095852992301962,RED STRIPE CERAMIC DRAWER KNOB
0.01619071268934691,WOODEN TREE CHRISTMAS SCANDINAVIAN
0.024584057611124907,WOODEN STAR CHRISTMAS SCANDINAVIAN
0.02071020610876583,ALARM CLOCK BAKELIKE CHOCOLATE
0.017829649863421903,PAINTED METAL PEARS ASSORTED
0.02830891482493171,RED RETROSPOT SHOPPER BAG
0.022945120437049913,CHOCOLATE THIS WAY METAL SIGN
0.022945120437049913,TEA TIME PARTY BUNTING
0.021554507077228707,AREA PATROLLED METAL SIGN
0.021554507077228707,DOORMAT WELCOME TO OUR HOME
0.021554507077228707,PAPER CHAIN KIT EMPIRE
0.020213558480258256,WOODEN UNION JACK BUNTING
0.01936925751179538,PINK HAPPY BIRTHDAY BUNTING
0.018723615594735534,BLUE HAPPY BIRTHDAY BUNTING
0.018177303203377203,RED SPOT CERAMIC DRAWER KNOB
0.01792897938912342,CHILDRENS APRON APPLES DESIGN
0.0174819965234666,SET OF 36 PAISLEY FLOWER DOILIES
0.01673702508070524,PINK BABY BUNTING
0.015892724112242365,POPPY'S PLAYHOUSE LIVINGROOM
0.016935684132108268,HOME SWEET HOME MUG
0.022448472808542338,BAKING SET SPACEBOY DESIGN
0.023094114725602185,PARTY METAL SIGN
0.022299478519990066,MEMO BOARD RETROSPOT  DESIGN
0.025974670970946113,SPACEBOY BIRTHDAY CARD
0.01792897938912342,SET 12 KIDS COLOUR  CHALK STICKS
0.02567668239384157,WORLD WAR 2 GLIDERS ASSTD DESIGNS
0.02071020610876583,BLUE STRIPE CERAMIC DRAWER KNOB
0.01763099081201887,WHITE SPOT BLUE CERAMIC DRAWER KNOB
0.01728333747206357,TEA PARTY BIRTHDAY CARD
0.01653836602930221,WATERING CAN BLUE ELEPHANT
0.022845790911348397,SET/3 RED GINGHAM ROSE STORAGE BOX
0.033871368264216536,JUMBO BAG SPACEBOY DESIGN
0.01653836602930221,PACK OF 20 SKULL PAPER NAPKINS
0.015843059349391606,BLUE POLKADOT BOWL
0.01519741743233176,PINK  POLKADOT CUP
0.016389371740749937,PINK POLKADOT BOWL
0.015048423143779488,MEMO BOARD COTTAGE DESIGN
0.015296746958033276,"KEY FOB , BACK DOOR"
0.023640427116960516,RED RETROSPOT PEG BAG
0.025527688105289298,ASSORTED COLOURS SILK FAN
0.018475291780481747,"KEY FOB , SHED"
0.016091383163645393,BLUE POLKADOT CUP
0.025080705239632482,CREAM SWEETHEART MINI CHEST
0.02999751676185746,TRADITIONAL KNITTING NANCY
0.016488701266451453,POTTERING MUG
0.08224484728085424,PARTY BUNTING
0.023243109014154457,NATURAL SLATE CHALKBOARD LARGE
0.020362552768810528,SKULL LUNCH BOX WITH CUTLERY
0.016091383163645393,SET OF 36 TEATIME PAPER DOILIES
0.015346411720884032,SET/20 STRAWBERRY PAPER NAPKINS
0.025726347156692326,RED RETROSPOT PICNIC BAG
0.018177303203377203,PACK OF 20 NAPKINS RED APPLES
0.021653836602930222,SCANDINAVIAN PAISLEY PICNIC BAG
0.020064564191705984,PINK VINTAGE PAISLEY PICNIC BAG
0.022200148994288554,ZINC FOLKART SLEIGH BELLS
0.015694065060839334,RIBBON REEL HEARTS DESIGN
0.03516265209833623,HANGING HEART JAR T-LIGHT HOLDER
0.022051154705736282,SMALL MARSHMALLOWS PINK BOWL
0.025925006208095357,SMALL DOLLY MIX DESIGN ORANGE BOWL
0.03655326545815744,PINK REGENCY TEACUP AND SAUCER
0.01633970697789918,RED RETROSPOT SMALL MILK JUG
0.06684877079711944,SET OF 3 CAKE TINS PANTRY DESIGN
0.04037745219766575,SET OF 6 SPICE TINS PANTRY DESIGN
0.015743729823690093,LONDON BUS COFFEE MUG
0.04459895703998013,BAKING SET 9 PIECE RETROSPOT
0.019915569903153713,GINGHAM HEART DECORATION
0.01787931462627266,SET 2 PANTRY DESIGN TEA TOWELS
0.05224733051899677,SET OF 4 PANTRY JELLY MOULDS
0.026520983362304445,TRAVEL CARD WALLET KEEP CALM
0.016985348894959028,REVOLVER WOODEN RULER
0.020263223243109012,TRAVEL CARD WALLET VINTAGE TICKET
0.020312888005959772,CHILDRENS CUTLERY POLKADOT PINK
0.053538614353116465,LUNCH BAG SUKI DESIGN
0.03258008443009685,JUMBO BAG SCANDINAVIAN BLUE PAISLEY
0.01559473553513782,CHILDRENS CUTLERY RETROSPOT RED
0.021355848025825675,TOILET SIGN OCCUPIED OR VACANT
0.018226967966227962,PANTRY WASHING UP BRUSH
0.033821703501365784,ANTIQUE SILVER T-LIGHT GLASS
0.016836354606406756,DOUGHNUT LIP GLOSS
0.018574621306183262,OPEN CLOSED METAL SIGN
0.017581326049168115,CHILDRENS CUTLERY SPACEBOY
0.05075738763347405,LUNCH BAG APPLE DESIGN
0.04787683138813012,JUMBO BAG APPLES
0.043953315122920285,JUMBO BAG ALPHABET
0.03595728830394835,LUNCH BAG ALPHABET DESIGN
0.028755897690588526,CHARLOTTE BAG APPLES DESIGN
0.021802830891482494,CHARLOTTE BAG VINTAGE ALPHABET
0.03272907871864912,LUNCH BAG VINTAGE LEAF DESIGN
0.03575862925254532,DOORMAT KEEP CALM AND COME IN
0.05532654581574373,SPOTTY BUNTING
0.04261236652594984,JUMBO BAG VINTAGE LEAF
0.02910355103054383,JUMBO BAG PEARS
0.025329029053886266,JUMBO BAG DOILEY PATTERNS
0.02413707474546809,LUNCH BAG DOILEY PATTERN
0.016637695555003724,BUNDLE OF 3 ALPHABET EXERCISE BOOKS
0.020660541345915072,REGENCY TEA PLATE ROSES
0.01956791656319841,REGENCY TEAPOT ROSES
0.01763099081201887,REGENCY TEA PLATE GREEN
0.04862180283089148,RABBIT NIGHT LIGHT
0.017730320337720387,SET OF 10 LED DOLLY LIGHTS
0.015545070772287062,CLASSIC CAFE SUGAR DISPENSER
0.01763099081201887,JINGLE BELL HEART DECORATION
0.044946610379935435,GARDENERS KNEELING PAD KEEP CALM
0.03744723118947107,GARDENERS KNEELING PAD CUP OF TEA
0.01594238887509312,SET OF 3 HANGING OWLS OLLIE BEAK
0.021802830891482494,SET OF 3 WOODEN HEART DECORATIONS
0.020213558480258256,SET OF 60 I LOVE LONDON CAKE CASES
0.03004718152470822,SET OF 60 PANTRY DESIGN CAKE CASES
0.018177303203377203,SET OF 60 VINTAGE LEAF CAKE CASES
0.022299478519990066,SET OF TEA COFFEE SUGAR TINS PANTRY
0.0413707474546809,SET OF 3 REGENCY CAKE TINS
0.01763099081201887,TREASURE TIN GYMKHANA DESIGN
0.015098087906630246,BISCUIT TIN 50'S CHRISTMAS
0.03099081201887261,SMALL WHITE HEART OF WICKER
0.015445741246585548,SET OF 3 WOODEN STOCKING DECORATION
0.03858952073503849,POPCORN HOLDER
0.02756394338217035,LARGE WHITE HEART OF WICKER
0.023342438539855973,JUMBO BAG VINTAGE CHRISTMAS
0.03521231686118699,JUMBO BAG 50'S CHRISTMAS
0.022746461385646885,PANTRY MAGNETIC  SHOPPING LIST
0.01842562701763099,BOX OF 6 MINI VINTAGE CRACKERS
0.015992053637943877,GIANT 50'S CHRISTMAS CRACKER
0.019716910851750685,BOX OF 6 MINI 50'S CRACKERS
0.01961758132604917,VINTAGE CHRISTMAS BUNTING
0.026669977650856717,SET OF 12 FAIRY CAKE BAKING CASES
0.021604171840079463,SET OF 12 MINI LOAF BAKING CASES
0.018226967966227962,SET OF 6 TEA TIME BAKING CASES
0.016935684132108268,SET OF 6 SNACK LOAF BAKING CASES
0.01658803079215297,VINTAGE CHRISTMAS STOCKING
0.015992053637943877,6 GIFT TAGS VINTAGE CHRISTMAS
0.015694065060839334,6 GIFT TAGS 50'S CHRISTMAS
0.01653836602930221,ROLL WRAP VINTAGE CHRISTMAS
0.017382666997765087,ROLL WRAP 50'S CHRISTMAS
0.017333002234914328,SET OF 4 KNICK KNACK TINS DOILY
0.034616339706977896,JUMBO BAG VINTAGE DOILY
0.029351874844797617,LUNCH BAG VINTAGE DOILY
0.01961758132604917,SET 6 SCHOOL MILK BOTTLES IN CRATE
0.023094114725602185,LOVE HOT WATER BOTTLE
0.03829153215793395,HOT WATER BOTTLE KEEP CALM
0.01956791656319841,HAND WARMER RED LOVE HEART
0.01653836602930221,PLAYING CARDS KEEP CALM & CARRY ON
0.020412217531661288,VINTAGE DOILY TRAVEL SEWING KIT
0.015992053637943877,LUNCH BAG PAISLEY PARK
0.01658803079215297,JUMBO BAG PAISLEY PARK
0.015495406009436306,"ASSORTED COLOUR BIRD ORNAMENT,WHITE HANGING HEART T-LIGHT HOLDER"
0.015098087906630246,"POPPY'S PLAYHOUSE BEDROOM,POPPY'S PLAYHOUSE KITCHEN"
0.022448472808542338,"JAM MAKING SET WITH JARS,JAM MAKING SET PRINTED"
0.01827663272907872,"SET OF 3 CAKE TINS PANTRY DESIGN,JAM MAKING SET WITH JARS"
0.03143779488452943,"ALARM CLOCK BAKELIKE GREEN,ALARM CLOCK BAKELIKE RED"
0.022547802334243854,"ALARM CLOCK BAKELIKE PINK,ALARM CLOCK BAKELIKE RED"
0.020412217531661288,"ALARM CLOCK BAKELIKE PINK,ALARM CLOCK BAKELIKE GREEN"
0.01519741743233176,"ALARM CLOCK BAKELIKE PINK,ALARM CLOCK BAKELIKE GREEN,ALARM CLOCK BAKELIKE RED"
0.016637695555003724,"VINTAGE SNAP CARDS,VINTAGE HEADS AND TAILS CARD GAME"
0.02011422895455674,"WHITE HANGING HEART T-LIGHT HOLDER,WOODEN PICTURE FRAME WHITE FINISH"
0.02662031288800596,"WOODEN PICTURE FRAME WHITE FINISH,WOODEN FRAME ANTIQUE WHITE"
0.016637695555003724,"WHITE HANGING HEART T-LIGHT HOLDER,WOODEN FRAME ANTIQUE WHITE"
0.023789421405512788,"RED HANGING HEART T-LIGHT HOLDER,WHITE HANGING HEART T-LIGHT HOLDER"
0.016389371740749937,"HOT WATER BOTTLE TEA AND SYMPATHY,CHOCOLATE HOT WATER BOTTLE"
0.01619071268934691,"WHITE HANGING HEART T-LIGHT HOLDER,LUNCH BAG RED RETROSPOT"
0.028457909113483983,"LUNCH BAG RED RETROSPOT,JUMBO BAG RED RETROSPOT"
0.015495406009436306,"PARTY BUNTING,LUNCH BAG RED RETROSPOT"
0.016786689843555996,"PACK OF 72 RETROSPOT CAKE CASES,LUNCH BAG RED RETROSPOT"
0.016091383163645393,"PACK OF 72 RETROSPOT CAKE CASES,JUMBO BAG RED RETROSPOT"
0.016836354606406756,"PACK OF 72 RETROSPOT CAKE CASES,REGENCY CAKESTAND 3 TIER"
0.016041718400794637,"JUMBO BAG PINK POLKADOT,LUNCH BAG RED RETROSPOT"
0.040675440774770304,"JUMBO BAG PINK POLKADOT,JUMBO BAG RED RETROSPOT"
0.025527688105289298,"JUMBO BAG PINK POLKADOT,JUMBO STORAGE BAG SUKI"
0.016935684132108268,"JUMBO STORAGE BAG SUKI,LUNCH BAG RED RETROSPOT"
0.03580829401539608,"JUMBO STORAGE BAG SUKI,JUMBO BAG RED RETROSPOT"
0.015048423143779488,"JUMBO STORAGE BAG SUKI,WHITE HANGING HEART T-LIGHT HOLDER"
0.020461882294512044,"JUMBO BAG PINK POLKADOT,JUMBO STORAGE BAG SUKI,JUMBO BAG RED RETROSPOT"
0.02090886516016886,"JUMBO STORAGE BAG SUKI,JUMBO  BAG BAROQUE BLACK WHITE"
0.020461882294512044,"JUMBO BAG PINK POLKADOT,JUMBO  BAG BAROQUE BLACK WHITE"
0.028805562453439286,"JUMBO  BAG BAROQUE BLACK WHITE,JUMBO BAG RED RETROSPOT"
0.020859200397318103,"JUMBO SHOPPER VINTAGE RED PAISLEY,JUMBO  BAG BAROQUE BLACK WHITE"
0.015743729823690093,"JUMBO STORAGE BAG SUKI,JUMBO  BAG BAROQUE BLACK WHITE,JUMBO BAG RED RETROSPOT"
0.016041718400794637,"JUMBO BAG PINK POLKADOT,JUMBO  BAG BAROQUE BLACK WHITE,JUMBO BAG RED RETROSPOT"
0.01539607648373479,"JUMBO SHOPPER VINTAGE RED PAISLEY,JUMBO  BAG BAROQUE BLACK WHITE,JUMBO BAG RED RETROSPOT"
0.018723615594735534,"JUMBO BAG PINK POLKADOT,JUMBO BAG PINK VINTAGE PAISLEY"
0.018127638440526447,"JUMBO BAG PINK VINTAGE PAISLEY,JUMBO STORAGE BAG SUKI"
0.025428358579587782,"JUMBO BAG PINK VINTAGE PAISLEY,JUMBO BAG RED RETROSPOT"
0.020610876583064316,"JUMBO BAG PINK VINTAGE PAISLEY,JUMBO SHOPPER VINTAGE RED PAISLEY"
0.02071020610876583,"PACK OF 72 RETROSPOT CAKE CASES,PACK OF 60 PINK PAISLEY CAKE CASES"
0.021604171840079463,"PACK OF 72 RETROSPOT CAKE CASES,60 TEATIME FAIRY CAKE CASES"
0.016786689843555996,"PACK OF 60 PINK PAISLEY CAKE CASES,60 TEATIME FAIRY CAKE CASES"
0.02393841569406506,"STRAWBERRY CHARLOTTE BAG,RED RETROSPOT CHARLOTTE BAG"
0.020461882294512044,"CHARLOTTE BAG SUKI DESIGN,STRAWBERRY CHARLOTTE BAG"
0.018723615594735534,"STRAWBERRY CHARLOTTE BAG,CHARLOTTE BAG PINK POLKADOT"
0.020064564191705984,"STRAWBERRY CHARLOTTE BAG,WOODLAND CHARLOTTE BAG"
0.016488701266451453,"CHARLOTTE BAG SUKI DESIGN,STRAWBERRY CHARLOTTE BAG,RED RETROSPOT CHARLOTTE BAG"
0.01614104792649615,"CHARLOTTE BAG PINK POLKADOT,STRAWBERRY CHARLOTTE BAG,RED RETROSPOT CHARLOTTE BAG"
0.01614104792649615,"STRAWBERRY CHARLOTTE BAG,WOODLAND CHARLOTTE BAG,RED RETROSPOT CHARLOTTE BAG"
0.015296746958033276,"PACK OF 72 RETROSPOT CAKE CASES,PACK OF 60 DINOSAUR CAKE CASES"
0.01792897938912342,"SET/6 RED SPOTTY PAPER PLATES,SET/20 RED RETROSPOT PAPER NAPKINS"
0.015147752669481004,"JAM MAKING SET PRINTED,JUMBO BAG RED RETROSPOT"
0.016637695555003724,"SET OF 3 CAKE TINS PANTRY DESIGN,JAM MAKING SET PRINTED"
0.03357337968711199,"JUMBO SHOPPER VINTAGE RED PAISLEY,JUMBO BAG RED RETROSPOT"
0.02582567668239384,"JUMBO SHOPPER VINTAGE RED PAISLEY,JUMBO STORAGE BAG SUKI"
0.0231934442513037,"JUMBO BAG PINK POLKADOT,JUMBO SHOPPER VINTAGE RED PAISLEY"
0.019269927986093865,"JUMBO SHOPPER VINTAGE RED PAISLEY,JUMBO STORAGE BAG SUKI,JUMBO BAG RED RETROSPOT"
0.018723615594735534,"JUMBO BAG PINK POLKADOT,JUMBO SHOPPER VINTAGE RED PAISLEY,JUMBO BAG RED RETROSPOT"
0.015296746958033276,"JUMBO BAG PINK POLKADOT,JUMBO SHOPPER VINTAGE RED PAISLEY,JUMBO STORAGE BAG SUKI"
0.02056121182021356,"RECYCLING BAG RETROSPOT,JUMBO BAG RED RETROSPOT"
0.020412217531661288,"WHITE HANGING HEART T-LIGHT HOLDER,NATURAL SLATE HEART CHALKBOARD"
0.015743729823690093,"JUMBO BAG RED RETROSPOT,NATURAL SLATE HEART CHALKBOARD"
0.018922274646138566,"WHITE HANGING HEART T-LIGHT HOLDER,HEART OF WICKER SMALL"
0.024087409982617332,"HEART OF WICKER SMALL,HEART OF WICKER LARGE"
0.017581326049168115,"WHITE HANGING HEART T-LIGHT HOLDER,HEART OF WICKER LARGE"
0.019021604171840078,"LUNCH BAG DOLLY GIRL DESIGN,LUNCH BAG SPACEBOY DESIGN"
0.017432331760615843,"LUNCH BAG DOLLY GIRL DESIGN,LUNCH BAG RED RETROSPOT"
0.021951825180034766,"WHITE HANGING HEART T-LIGHT HOLDER,JUMBO BAG RED RETROSPOT"
0.027067295753662776,"PAPER CHAIN KIT VINTAGE CHRISTMAS,PAPER CHAIN KIT 50'S CHRISTMAS"
0.016985348894959028,"SET/6 RED SPOTTY PAPER PLATES,SET/6 RED SPOTTY PAPER CUPS"
0.01653836602930221,"HAND WARMER OWL DESIGN,HAND WARMER SCOTTY DOG DESIGN"
0.01827663272907872,"ALARM CLOCK BAKELIKE IVORY,ALARM CLOCK BAKELIKE RED"
0.016389371740749937,"ALARM CLOCK BAKELIKE IVORY,ALARM CLOCK BAKELIKE GREEN"
0.01539607648373479,"HAND WARMER OWL DESIGN,HAND WARMER BIRD DESIGN"
0.015147752669481004,"SCOTTIE DOG HOT WATER BOTTLE,CHOCOLATE HOT WATER BOTTLE"
0.018971939408989322,"HOT WATER BOTTLE I AM SO POORLY,CHOCOLATE HOT WATER BOTTLE"
0.027464613856468836,"LUNCH BAG RED RETROSPOT,LUNCH BAG SPACEBOY DESIGN"
0.025180034765333995,"LUNCH BAG  BLACK SKULL.,LUNCH BAG SPACEBOY DESIGN"
0.01559473553513782,"LUNCH BAG  BLACK SKULL.,LUNCH BAG RED RETROSPOT,LUNCH BAG SPACEBOY DESIGN"
0.02945120437049913,"LUNCH BAG PINK POLKADOT,LUNCH BAG RED RETROSPOT"
0.02105785944872113,"LUNCH BAG PINK POLKADOT,LUNCH BAG SPACEBOY DESIGN"
0.017829649863421903,"LUNCH BAG PINK POLKADOT,JUMBO BAG RED RETROSPOT"
0.0265706481251552,"LUNCH BAG PINK POLKADOT,LUNCH BAG  BLACK SKULL."
0.024633722373975663,"LUNCH BAG PINK POLKADOT,LUNCH BAG CARS BLUE"
0.0205115470573628,"LUNCH BAG PINK POLKADOT,LUNCH BAG SUKI DESIGN"
0.017581326049168115,"LUNCH BAG PINK POLKADOT,LUNCH BAG  BLACK SKULL.,LUNCH BAG RED RETROSPOT"
0.015694065060839334,"LUNCH BAG PINK POLKADOT,LUNCH BAG RED RETROSPOT,LUNCH BAG CARS BLUE"
0.015247082195182518,"LUNCH BAG PINK POLKADOT,LUNCH BAG  BLACK SKULL.,LUNCH BAG CARS BLUE"
0.02582567668239384,"LUNCH BAG WOODLAND,LUNCH BAG RED RETROSPOT"
0.023640427116960516,"LUNCH BAG WOODLAND,LUNCH BAG SPACEBOY DESIGN"
0.019518251800347653,"LUNCH BAG PINK POLKADOT,LUNCH BAG WOODLAND"
0.02185249565433325,"LUNCH BAG  BLACK SKULL.,LUNCH BAG WOODLAND"
0.021802830891482494,"LUNCH BAG WOODLAND,LUNCH BAG CARS BLUE"
0.019170598460392353,"LUNCH BAG SUKI DESIGN,LUNCH BAG WOODLAND"
0.018127638440526447,"LUNCH BAG APPLE DESIGN,LUNCH BAG WOODLAND"
0.03138813012167867,"LUNCH BAG  BLACK SKULL.,LUNCH BAG RED RETROSPOT"
0.018475291780481747,"LUNCH BAG  BLACK SKULL.,JUMBO BAG RED RETROSPOT"
0.025726347156692326,"LUNCH BAG  BLACK SKULL.,LUNCH BAG CARS BLUE"
0.027067295753662776,"LUNCH BAG RED RETROSPOT,LUNCH BAG CARS BLUE"
0.023739756642662032,"LUNCH BAG CARS BLUE,LUNCH BAG SPACEBOY DESIGN"
0.01594238887509312,"LUNCH BAG CARS BLUE,JUMBO BAG RED RETROSPOT"
0.015843059349391606,"LUNCH BAG  BLACK SKULL.,LUNCH BAG RED RETROSPOT,LUNCH BAG CARS BLUE"
0.01519741743233176,"SET OF 3 BUTTERFLY COOKIE CUTTERS,SET OF 3 HEART COOKIE CUTTERS"
0.018226967966227962,"PACK OF 72 RETROSPOT CAKE CASES,PACK OF 72 SKULL CAKE CASES"
0.015296746958033276,"BLUE HARMONICA IN BOX,RED  HARMONICA IN BOX"
0.026272659548050657,"JUMBO BAG STRAWBERRY,JUMBO BAG RED RETROSPOT"
0.01539607648373479,"JUMBO BAG STRAWBERRY,JUMBO STORAGE BAG SUKI"
0.017233672709212812,"JUMBO BAG PINK POLKADOT,JUMBO BAG STRAWBERRY"
0.019319592748944625,"JUMBO BAG OWLS,JUMBO BAG RED RETROSPOT"
0.015694065060839334,"JUMBO BAG OWLS,JUMBO STORAGE BAG SUKI"
0.02607400049664763,"DOLLY GIRL LUNCH BOX,SPACEBOY LUNCH BOX"
0.01519741743233176,"ROUND SNACK BOXES SET OF4 WOODLAND,ROUND SNACK BOXES SET OF 4 FRUITS"
0.01673702508070524,"PLASTERS IN TIN WOODLAND ANIMALS,PLASTERS IN TIN SPACEBOY"
0.017035013657809784,"WHITE HANGING HEART T-LIGHT HOLDER,REGENCY CAKESTAND 3 TIER"
0.0205115470573628,"JUMBO STORAGE BAG SKULLS,JUMBO BAG RED RETROSPOT"
0.018226967966227962,"JUMBO STORAGE BAG SKULLS,JUMBO STORAGE BAG SUKI"
0.016439036503600696,"JUMBO BAG PINK POLKADOT,JUMBO STORAGE BAG SKULLS"
0.024286069034020363,"ROSES REGENCY TEACUP AND SAUCER,REGENCY CAKESTAND 3 TIER"
0.03630494164390365,"ROSES REGENCY TEACUP AND SAUCER,GREEN REGENCY TEACUP AND SAUCER"
0.023888750931214304,"GREEN REGENCY TEACUP AND SAUCER,REGENCY CAKESTAND 3 TIER"
0.018872609883287806,"ROSES REGENCY TEACUP AND SAUCER,GREEN REGENCY TEACUP AND SAUCER,REGENCY CAKESTAND 3 TIER"
0.02647131859945369,"JUMBO BAG WOODLAND ANIMALS,JUMBO BAG RED RETROSPOT"
0.02224981375713931,"JUMBO STORAGE BAG SUKI,JUMBO BAG WOODLAND ANIMALS"
0.021206853737273403,"JUMBO BAG PINK POLKADOT,JUMBO BAG WOODLAND ANIMALS"
0.019319592748944625,"JUMBO SHOPPER VINTAGE RED PAISLEY,JUMBO BAG WOODLAND ANIMALS"
0.015048423143779488,"JUMBO BAG WOODLAND ANIMALS,JUMBO  BAG BAROQUE BLACK WHITE"
0.016240377452197665,"JUMBO STORAGE BAG SUKI,JUMBO BAG WOODLAND ANIMALS,JUMBO BAG RED RETROSPOT"
0.016836354606406756,"JUMBO BAG PINK POLKADOT,JUMBO BAG WOODLAND ANIMALS,JUMBO BAG RED RETROSPOT"
0.015644400297988578,"JAM MAKING SET PRINTED,RECIPE BOX PANTRY YELLOW DESIGN"
0.015892724112242365,"JAM MAKING SET WITH JARS,RECIPE BOX PANTRY YELLOW DESIGN"
0.018922274646138566,"SET OF 3 CAKE TINS PANTRY DESIGN,RECIPE BOX PANTRY YELLOW DESIGN"
0.01708467842066054,"JUMBO BAG TOYS,JUMBO BAG RED RETROSPOT"
0.02110752421157189,"JUMBO BAG RED RETROSPOT,RED RETROSPOT CHARLOTTE BAG"
0.01936925751179538,"LUNCH BAG RED RETROSPOT,RED RETROSPOT CHARLOTTE BAG"
0.015843059349391606,"PACK OF 72 RETROSPOT CAKE CASES,RED RETROSPOT CHARLOTTE BAG"
0.017382666997765087,"LUNCH BAG  BLACK SKULL.,RED RETROSPOT CHARLOTTE BAG"
0.025080705239632482,"CHARLOTTE BAG SUKI DESIGN,RED RETROSPOT CHARLOTTE BAG"
0.01708467842066054,"CHARLOTTE BAG SUKI DESIGN,LUNCH BAG RED RETROSPOT"
0.016091383163645393,"CHARLOTTE BAG SUKI DESIGN,JUMBO BAG RED RETROSPOT"
0.015048423143779488,"CHARLOTTE BAG SUKI DESIGN,LUNCH BAG  BLACK SKULL."
0.024981375713930967,"WOODLAND CHARLOTTE BAG,RED RETROSPOT CHARLOTTE BAG"
0.022448472808542338,"CHARLOTTE BAG SUKI DESIGN,WOODLAND CHARLOTTE BAG"
0.015247082195182518,"WOODLAND CHARLOTTE BAG,LUNCH BAG RED RETROSPOT"
0.01658803079215297,"CHARLOTTE BAG SUKI DESIGN,WOODLAND CHARLOTTE BAG,RED RETROSPOT CHARLOTTE BAG"
0.02582567668239384,"CHARLOTTE BAG PINK POLKADOT,RED RETROSPOT CHARLOTTE BAG"
0.020263223243109012,"CHARLOTTE BAG SUKI DESIGN,CHARLOTTE BAG PINK POLKADOT"
0.019468587037496897,"WOODLAND CHARLOTTE BAG,CHARLOTTE BAG PINK POLKADOT"
0.015048423143779488,"LUNCH BAG RED RETROSPOT,CHARLOTTE BAG PINK POLKADOT"
0.016290042215048425,"CHARLOTTE BAG SUKI DESIGN,CHARLOTTE BAG PINK POLKADOT,RED RETROSPOT CHARLOTTE BAG"
0.016091383163645393,"CHARLOTTE BAG PINK POLKADOT,WOODLAND CHARLOTTE BAG,RED RETROSPOT CHARLOTTE BAG"
0.024087409982617332,"DOTCOM POSTAGE,JUMBO BAG RED RETROSPOT"
0.016786689843555996,"RECYCLING BAG RETROSPOT,DOTCOM POSTAGE"
0.016439036503600696,"GREEN REGENCY TEACUP AND SAUCER,DOTCOM POSTAGE"
0.015545070772287062,"DOTCOM POSTAGE,RED TOADSTOOL LED NIGHT LIGHT"
0.01961758132604917,"JUMBO STORAGE BAG SUKI,DOTCOM POSTAGE"
0.01802830891482493,"JUMBO SHOPPER VINTAGE RED PAISLEY,DOTCOM POSTAGE"
0.0171343431835113,"JUMBO BAG PINK POLKADOT,DOTCOM POSTAGE"
0.01792897938912342,"JUMBO BAG WOODLAND ANIMALS,DOTCOM POSTAGE"
0.01668736031785448,"DOTCOM POSTAGE,SUKI  SHOULDER BAG"
0.018773280357586294,"WOODEN HEART CHRISTMAS SCANDINAVIAN,WOODEN STAR CHRISTMAS SCANDINAVIAN"
0.01594238887509312,"BAKING SET 9 PIECE RETROSPOT,BAKING SET SPACEBOY DESIGN"
0.021157188974422647,"JUMBO BAG SPACEBOY DESIGN,JUMBO BAG RED RETROSPOT"
0.017035013657809784,"JUMBO STORAGE BAG SUKI,JUMBO BAG SPACEBOY DESIGN"
0.01668736031785448,"JUMBO BAG PINK POLKADOT,JUMBO BAG SPACEBOY DESIGN"
0.016041718400794637,"PARTY BUNTING,JUMBO BAG RED RETROSPOT"
0.019170598460392353,"PARTY BUNTING,REGENCY CAKESTAND 3 TIER"
0.018971939408989322,"WHITE HANGING HEART T-LIGHT HOLDER,PARTY BUNTING"
0.017184007946362056,"SMALL DOLLY MIX DESIGN ORANGE BOWL,SMALL MARSHMALLOWS PINK BOWL"
0.03004718152470822,"PINK REGENCY TEACUP AND SAUCER,GREEN REGENCY TEACUP AND SAUCER"
0.018375962254780234,"PINK REGENCY TEACUP AND SAUCER,REGENCY CAKESTAND 3 TIER"
0.02830891482493171,"PINK REGENCY TEACUP AND SAUCER,ROSES REGENCY TEACUP AND SAUCER"
0.015992053637943877,"PINK REGENCY TEACUP AND SAUCER,GREEN REGENCY TEACUP AND SAUCER,REGENCY CAKESTAND 3 TIER"
0.015346411720884032,"PINK REGENCY TEACUP AND SAUCER,ROSES REGENCY TEACUP AND SAUCER,REGENCY CAKESTAND 3 TIER"
0.025577352868140054,"PINK REGENCY TEACUP AND SAUCER,ROSES REGENCY TEACUP AND SAUCER,GREEN REGENCY TEACUP AND SAUCER"
0.01559473553513782,"SET OF 3 CAKE TINS PANTRY DESIGN,WHITE HANGING HEART T-LIGHT HOLDER"
0.01996523466600447,"SET OF 3 CAKE TINS PANTRY DESIGN,SET OF 6 SPICE TINS PANTRY DESIGN"
0.016290042215048425,"LUNCH BAG SUKI DESIGN,JUMBO BAG RED RETROSPOT"
0.015098087906630246,"JUMBO STORAGE BAG SUKI,LUNCH BAG SUKI DESIGN"
0.027514278619319592,"LUNCH BAG SUKI DESIGN,LUNCH BAG RED RETROSPOT"
0.0231934442513037,"LUNCH BAG SUKI DESIGN,LUNCH BAG CARS BLUE"
0.022498137571393097,"LUNCH BAG SUKI DESIGN,LUNCH BAG SPACEBOY DESIGN"
0.025428358579587782,"LUNCH BAG SUKI DESIGN,LUNCH BAG  BLACK SKULL."
0.01594238887509312,"LUNCH BAG SUKI DESIGN,LUNCH BAG  BLACK SKULL.,LUNCH BAG RED RETROSPOT"
0.022001489942885522,"JUMBO BAG SCANDINAVIAN BLUE PAISLEY,JUMBO BAG RED RETROSPOT"
0.016836354606406756,"JUMBO BAG PINK VINTAGE PAISLEY,JUMBO BAG SCANDINAVIAN BLUE PAISLEY"
0.015644400297988578,"JUMBO BAG PINK POLKADOT,JUMBO BAG SCANDINAVIAN BLUE PAISLEY"
0.017382666997765087,"JUMBO SHOPPER VINTAGE RED PAISLEY,JUMBO BAG SCANDINAVIAN BLUE PAISLEY"
0.02393841569406506,"LUNCH BAG APPLE DESIGN,LUNCH BAG RED RETROSPOT"
0.01792897938912342,"LUNCH BAG APPLE DESIGN,LUNCH BAG CARS BLUE"
0.022100819468587038,"LUNCH BAG SUKI DESIGN,LUNCH BAG APPLE DESIGN"
0.019319592748944625,"LUNCH BAG APPLE DESIGN,LUNCH BAG SPACEBOY DESIGN"
0.020412217531661288,"LUNCH BAG  BLACK SKULL.,LUNCH BAG APPLE DESIGN"
0.017184007946362056,"LUNCH BAG PINK POLKADOT,LUNCH BAG APPLE DESIGN"
0.018574621306183262,"JUMBO STORAGE BAG SUKI,JUMBO BAG APPLES"
0.01792897938912342,"JUMBO BAG APPLES,LUNCH BAG APPLE DESIGN"
0.026868636702259748,"JUMBO BAG APPLES,JUMBO BAG RED RETROSPOT"
0.01802830891482493,"JUMBO BAG PINK POLKADOT,JUMBO BAG APPLES"
0.016488701266451453,"JUMBO SHOPPER VINTAGE RED PAISLEY,JUMBO BAG APPLES"
0.018971939408989322,"JUMBO BAG ALPHABET,JUMBO BAG APPLES"
0.020412217531661288,"JUMBO BAG ALPHABET,JUMBO BAG RED RETROSPOT"
0.018177303203377203,"LUNCH BAG ALPHABET DESIGN,LUNCH BAG APPLE DESIGN"
0.01519741743233176,"LUNCH BAG ALPHABET DESIGN,LUNCH BAG RED RETROSPOT"
0.015644400297988578,"LUNCH BAG SUKI DESIGN,LUNCH BAG ALPHABET DESIGN"
0.016290042215048425,"CHARLOTTE BAG APPLES DESIGN,RED RETROSPOT CHARLOTTE BAG"
0.017779985100571143,"LUNCH BAG VINTAGE LEAF DESIGN,LUNCH BAG APPLE DESIGN"
0.015098087906630246,"LUNCH BAG VINTAGE LEAF DESIGN,LUNCH BAG RED RETROSPOT"
0.023491432828408244,"PARTY BUNTING,SPOTTY BUNTING"
0.020859200397318103,"JUMBO BAG VINTAGE LEAF,JUMBO BAG RED RETROSPOT"
0.01768065557486963,"JUMBO BAG APPLES,JUMBO BAG VINTAGE LEAF"
0.015098087906630246,"JUMBO BAG ALPHABET,JUMBO BAG VINTAGE LEAF"
0.019915569903153713,"JUMBO BAG PEARS,JUMBO BAG APPLES"
0.015445741246585548,"JUMBO BAG PEARS,JUMBO BAG VINTAGE LEAF"
0.02701763099081202,"GARDENERS KNEELING PAD KEEP CALM,GARDENERS KNEELING PAD CUP OF TEA"
0.015843059349391606,"JUMBO BAG VINTAGE CHRISTMAS,JUMBO BAG 50'S CHRISTMAS"
0.017382666997765087,"JUMBO BAG VINTAGE DOILY,JUMBO BAG RED RETROSPOT"
